frame,cell_label,track_id
0,1,1
0,2,2
0,3,3
0,4,4
0,5,5
0,6,6
0,7,7
0,8,8
0,9,9
0,10,10
0,11,11
0,12,12
0,13,13
0,14,14
0,15,15
0,16,16
0,17,17
0,18,18
0,19,19
0,20,20
0,21,21
0,22,22
0,23,23
0,24,24
0,25,25
0,26,26
0,27,27
0,28,28
0,29,29
0,30,30
0,31,31
0,32,32
0,33,33
0,34,34
0,35,35
0,36,36
0,37,37
0,38,38
0,39,39
0,40,40
0,41,41
0,42,42
0,43,43
0,44,44
0,45,45
0,46,46
0,47,47
0,48,48
0,49,49
0,50,50
0,51,51
0,52,52
0,53,53
0,54,54
0,55,55
0,56,56
0,57,57
0,58,58
0,59,59
0,60,60
0,61,61
0,62,62
0,63,63
0,64,64
0,65,65
0,66,66
0,67,67
0,68,68
0,69,69
0,70,70
0,71,71
0,72,72
0,73,73
0,74,74
0,75,75
0,76,76
0,77,77
0,78,78
0,79,79
1,47,30
1,49,49
1,9,21
1,19,13
1,6,4
1,12,7
1,4,6
1,48,27
1,51,28
1,1,2
1,68,61
1,23,20
1,18,19
1,34,39
1,36,24
1,39,18
1,64,60
1,2,1
1,27,31
1,53,55
1,54,43
1,11,8
1,63,35
1,40,57
1,13,53
1,15,12
1,21,26
1,3,33
1,65,41
1,5,80
1,7,81
1,8,82
1,10,83
1,14,84
1,16,85
1,17,86
1,20,87
1,22,88
1,24,89
1,25,90
1,26,91
1,28,92
1,29,93
1,30,94
1,31,95
1,32,96
1,33,97
1,35,98
1,37,99
1,38,100
1,41,101
1,42,102
1,43,103
1,44,104
1,45,105
1,46,106
1,50,107
1,52,108
1,55,109
1,56,110
1,57,111
1,58,112
1,59,113
1,60,114
1,61,115
1,62,116
1,66,117
1,67,118
1,69,119
1,70,120
1,71,121
1,72,122
1,73,123
1,74,124
1,75,125
1,76,126
2,1,2
2,45,107
2,12,21
2,9,88
2,10,4
2,2,1
2,28,89
2,21,92
2,14,85
2,29,13
2,62,117
2,59,114
2,60,99
2,23,100
2,26,33
2,8,81
2,41,97
2,3,53
2,40,27
2,38,39
2,63,60
2,16,84
2,43,111
2,25,20
2,24,93
2,15,82
2,11,8
2,20,115
2,44,24
2,4,80
2,55,7
2,65,18
2,22,61
2,46,43
2,32,19
2,51,106
2,13,116
2,42,28
2,5,127
2,6,128
2,7,129
2,17,130
2,18,131
2,19,132
2,27,133
2,30,134
2,31,135
2,33,136
2,34,137
2,35,138
2,36,139
2,37,140
2,39,141
2,47,142
2,48,143
2,49,144
2,50,145
2,52,146
2,53,147
2,54,148
2,56,149
2,57,150
2,58,151
2,61,152
2,64,153
2,66,154
2,67,155
2,68,156
2,69,157
2,70,158
2,71,159
2,72,160
2,73,161
2,74,162
2,75,163
2,76,164
2,77,165
2,78,166
2,79,167
3,1,2
3,9,128
3,48,148
3,56,150
3,30,139
3,49,24
3,16,100
3,41,145
3,12,82
3,5,127
3,22,8
3,4,129
3,38,39
3,53,149
3,42,137
3,70,154
3,17,21
3,45,106
3,73,158
3,44,142
3,58,152
3,24,135
3,46,28
3,2,1
3,13,85
3,39,97
3,10,89
3,32,20
3,75,165
3,11,116
3,59,43
3,35,130
3,25,92
3,36,136
3,65,151
3,26,147
3,55,27
3,19,7
3,20,140
3,3,131
3,29,4
3,51,33
3,57,134
3,43,141
3,14,111
3,40,115
3,52,132
3,6,168
3,7,169
3,8,170
3,15,171
3,18,172
3,21,173
3,23,174
3,27,175
3,28,176
3,31,177
3,33,178
3,34,179
3,37,180
3,47,181
3,50,182
3,54,183
3,60,184
3,61,185
3,62,186
3,63,187
3,64,188
3,66,189
3,67,190
3,68,191
3,69,192
3,71,193
3,72,194
3,74,195
4,24,140
4,20,4
4,1,2
4,5,131
4,9,129
4,33,179
4,16,116
4,10,171
4,11,8
4,27,111
4,18,170
4,26,127
4,23,115
4,35,152
4,21,173
4,62,134
4,7,128
4,14,176
4,25,97
4,57,20
4,69,192
4,46,151
4,58,147
4,2,1
4,3,196
4,4,197
4,6,198
4,8,199
4,12,200
4,13,201
4,15,202
4,17,203
4,19,204
4,22,205
4,28,206
4,29,207
4,30,208
4,31,209
4,32,210
4,34,211
4,36,212
4,37,213
4,38,214
4,39,215
4,40,216
4,41,217
4,42,218
4,43,219
4,44,220
4,45,221
4,47,222
4,48,223
4,49,224
4,50,225
4,51,226
4,52,227
4,53,228
4,54,229
4,55,230
4,56,231
4,59,232
4,60,233
4,61,234
4,63,235
4,64,236
4,65,237
4,66,238
4,67,239
4,68,240
4,70,241
4,71,242
4,72,243
4,73,244
4,74,245
4,75,246
4,76,247
5,27,214
5,3,197
5,4,131
5,48,115
5,12,196
5,5,128
5,39,217
5,1,2
5,36,151
5,8,199
5,6,173
5,2,1
5,32,111
5,35,212
5,25,211
5,47,231
5,54,129
5,18,201
5,22,8
5,9,127
5,30,218
5,34,219
5,57,239
5,20,176
5,58,147
5,7,248
5,10,249
5,11,250
5,13,251
5,14,252
5,15,253
5,16,254
5,17,255
5,19,256
5,21,257
5,23,258
5,24,259
5,26,260
5,28,261
5,29,262
5,31,263
5,33,264
5,37,265
5,38,266
5,40,267
5,41,268
5,42,269
5,43,270
5,44,271
5,45,272
5,46,273
5,49,274
5,50,275
5,51,276
5,52,277
5,53,278
5,55,279
5,56,280
5,59,281
5,60,282
5,61,283
5,62,284
5,63,285
5,64,286
5,65,287
5,66,288
5,67,289
5,68,290
5,69,291
5,70,292
5,71,293
5,72,294
5,73,295
